name,pos,team,adp,points,ceiling,floor,ecr_sd,ecr_best,ecr_worst,bye,yahoo_id
Ja'Marr Chase,WR,CIN,1.7,296.1,296.1,283.5,0.96,1,4,6,NA
Jahmyr Gibbs,RB,DET,3.0,322.8,322.8,316.4,1.65,1,7,6,NA
Puka Nacua,WR,LAR,3.2,283.5,296.1,239.5,1.4,1,9,11,NA
Bijan Robinson,RB,ATL,3.5,316.4,322.8,316.4,1.6,1,7,11,NA
Jaxon Smith-Njigba,WR,SEA,4.7,274.8,296.1,239.5,1.37,1,9,11,NA
Amon-Ra St. Brown,WR,DET,5.6,254.7,283.5,239.5,1.23,4,9,6,NA
CeeDee Lamb,WR,DAL,8.7,239.5,254.7,213.1,1.63,6,16,14,NA
Christian McCaffrey,RB,SF,9.3,306.8,322.8,222.5,5.12,2,31,8,NA
Justin Jefferson,WR,MIN,9.6,228.5,274.8,203.3,2.63,5,20,6,NA
Jonathan Taylor,RB,IND,11.8,288.4,316.4,222.5,5.03,6,33,13,NA
Drake London,WR,ATL,12.3,220.3,254.7,196.8,3.39,8,26,11,NA
A.J. Brown,WR,NE,14.7,213.1,254.7,180.5,5.48,6,35,11,NA
Nico Collins,WR,HOU,16.4,207.3,228.5,178.8,4.14,11,36,8,NA
Ashton Jeanty,RB,LV,17.1,277.2,316.4,214.2,5.84,7,39,13,NA
Chase Brown,RB,CIN,17.9,265.2,316.4,222.5,6.26,7,34,6,NA
James Cook III,RB,BUF,18.3,252.3,316.4,222.5,7.01,7,33,7,NA
Trey McBride,TE,ARI,19.5,190.0,190.0,184.6,5.73,15,33,14,NA
George Pickens,WR,DAL,19.9,203.3,228.5,171.9,6.22,12,51,14,NA
Brock Bowers,TE,LV,20.4,184.6,190.0,184.6,3.47,11,32,13,NA
Chris Olave,WR,NO,20.6,200.9,228.5,171.9,7.04,11,51,8,NA
De'Von Achane,RB,MIA,20.9,244.1,306.8,222.5,6.26,10,33,6,NA
Rashee Rice,WR,KC,22.1,199.4,254.7,173.4,9.15,8,48,5,NA
DeVonta Smith,WR,PHI,24.0,196.8,228.5,173.4,7.6,11,48,10,NA
Omarion Hampton,RB,LAC,25.6,236.2,306.8,198.6,7.39,11,46,7,NA
Josh Allen,QB,BUF,25.9,380.9,380.9,374.9,2.48,21,36,7,NA
Saquon Barkley,RB,PHI,25.9,228.6,306.8,210.1,7.1,10,41,10,NA
Malik Nabers,WR,NYG,28.6,193.8,254.7,160.5,11.16,8,60,8,NA
Kenneth Walker III,RB,KC,29.3,222.5,288.4,189.6,9.13,14,56,5,NA
Zay Flowers,WR,BAL,29.4,190.4,228.5,176.1,7.59,12,44,13,NA
Garrett Wilson,WR,NYJ,30.3,187.0,213.1,174.7,6.99,15,46,13,NA
Lamar Jackson,QB,BAL,32.3,374.9,380.9,328.2,9.26,25,59,13,NA
Tetairoa McMillan,WR,CAR,33.7,183.2,220.3,174.7,7.48,14,46,5,NA
Tee Higgins,WR,CIN,34.8,180.5,207.3,171.9,7.37,19,52,6,NA
Ladd McConkey,WR,LAC,35.7,178.8,220.3,173.4,6.91,14,48,7,NA
Emeka Egbuka,WR,TB,37.7,177.4,220.3,167.1,7.99,14,55,10,NA
Derrick Henry,RB,BAL,37.8,217.9,288.4,189.6,8.23,17,56,13,NA
Colston Loveland,TE,CHI,38.0,179.8,184.6,143.9,14.42,22,97,10,NA
Jeremiyah Love,RB,ARI,38.1,214.2,244.1,170.7,7.09,22,65,14,NA
Jaylen Waddle,WR,DEN,38.2,176.1,207.3,162.6,7.48,18,59,10,NA
Drake Maye,QB,NE,39.2,367.8,380.9,296.2,14.57,26,92,11,NA
Breece Hall,RB,NYJ,40.8,210.1,228.6,170.7,6.55,26,67,13,NA
Kyren Williams,RB,LAR,41.9,206.7,244.1,189.6,6.68,23,56,11,NA
Josh Jacobs,RB,GB,44.2,202.8,228.6,178.6,7.16,29,61,11,NA
Terry McLaurin,WR,WAS,44.6,174.7,196.8,158.8,5.89,26,68,7,NA
Javonte Williams,RB,DAL,45.7,198.6,222.5,178.6,6.3,31,61,14,NA
Joe Burrow,QB,CIN,45.8,350.9,380.9,309.0,12.34,27,72,6,NA
Luther Burden III,WR,CHI,46.3,173.4,196.8,148.5,7.39,28,83,10,NA
Jayden Daniels,QB,WAS,49.8,339.6,380.9,296.2,14.77,27,92,7,NA
Davante Adams,WR,LAR,50.7,171.9,178.8,151.2,8.08,36,81,11,NA
Travis Etienne Jr.,RB,NO,51.0,193.6,222.5,166.8,7.98,34,72,8,NA
DJ Moore,WR,BUF,52.1,169.7,196.8,155.9,9.31,28,76,7,NA
Tyler Warren,TE,IND,53.5,166.6,184.6,143.9,10.41,22,87,13,NA
Mike Evans,WR,SF,54.1,167.1,177.4,148.5,9.53,38,82,8,NA
Cam Skattebo,RB,NYG,54.8,189.6,214.2,149.2,8.9,39,86,8,NA
Jameson Williams,WR,DET,56.0,164.8,176.1,127.5,9.85,42,100,6,NA
Christian Watson,WR,GB,56.6,162.6,176.1,115.1,12.34,40,115,11,NA
Jalen Hurts,QB,PHI,56.9,328.2,380.9,309.0,11.02,27,79,10,NA
Bucky Irving,RB,TB,57.9,185.3,222.5,157.3,8.33,33,77,10,NA
Rome Odunze,WR,CHI,59.1,160.5,176.1,148.5,8.06,42,82,10,NA
D'Andre Swift,RB,CHI,59.5,181.7,206.7,157.3,7.42,43,80,10,NA
Quinshon Judkins,RB,CLE,61.0,178.6,210.1,157.3,8.96,41,78,11,NA
David Montgomery,RB,HOU,61.7,174.8,206.7,149.2,9.12,42,84,8,NA
TreVeyon Henderson,RB,NE,64.2,170.7,210.1,139.8,9.84,41,89,11,NA
Carnell Tate,WR,TEN,65.4,158.8,174.7,87.2,18.21,45,176,9,NA
Caleb Williams,QB,CHI,68.1,317.5,374.9,280.6,10.9,37,98,10,NA
Parker Washington,WR,JAC,69.8,157.5,174.7,109.3,18.03,45,126,7,NA
Marvin Harrison Jr.,WR,ARI,69.8,155.9,174.7,127.5,11.64,45,100,14,NA
Justin Herbert,QB,LAC,70.0,309.0,374.9,280.6,11.18,37,101,7,NA
Bhayshul Tuten,RB,JAC,70.0,166.8,198.6,134.7,10.68,47,99,7,NA
Tucker Kraft,TE,GB,72.9,160.0,184.6,133.3,12.62,32,111,11,NA
Jadarian Price,RB,SEA,75.7,162.4,206.7,139.8,8.56,43,89,11,NA
Jaylen Warren,RB,PIT,75.9,157.3,174.8,129.9,7.26,63,102,9,NA
Harold Fannin Jr.,TE,CLE,77.0,154.4,184.6,98.0,15.73,32,173,11,NA
Brian Thomas Jr.,WR,JAC,77.8,154.0,173.4,117.1,13,48,110,7,NA
DK Metcalf,WR,PIT,78.2,151.2,173.4,115.1,13.05,48,116,9,NA
Trevor Lawrence,QB,JAC,79.9,302.6,328.2,248.2,12.48,59,108,7,NA
Dak Prescott,QB,DAL,80.0,296.2,374.9,248.2,12.87,37,108,14,NA
Tony Pollard,RB,TEN,81.5,153.4,185.3,129.9,8.37,58,102,9,NA
Chris Godwin Jr.,WR,TB,81.7,148.5,171.9,111.1,12.65,51,123,10,NA
Rhamondre Stevenson,RB,NE,82.0,149.2,170.7,125.7,8.38,65,103,11,NA
Sam LaPorta,TE,DET,82.5,149.0,166.6,143.9,10.07,54,97,6,NA
Kyle Pitts Sr.,TE,ATL,82.9,143.9,166.6,133.3,9.33,66,111,11,NA
Michael Pittman Jr.,WR,PIT,83.4,145.3,176.1,115.1,13.88,40,118,9,NA
Jordyn Tyson,WR,NO,83.8,142.0,171.9,95.2,18.12,51,165,8,NA
Courtland Sutton,WR,DEN,85.4,138.9,167.1,115.1,14.97,55,116,10,NA
Josh Downs,WR,IND,85.4,135.9,171.9,109.3,13.37,51,126,13,NA
Chuba Hubbard,RB,CAR,86.8,144.5,178.6,105.7,11.41,61,127,5,NA
Wan'Dale Robinson,WR,TEN,87.7,132.8,173.4,102.6,14.12,48,135,9,NA
Rico Dowdle,RB,PIT,88.5,139.8,170.7,105.7,11.52,68,132,9,NA
Michael Wilson,WR,ARI,90.5,129.9,173.4,102.6,15.82,49,137,14,NA
Alec Pierce,WR,IND,91.0,127.5,171.9,99.7,19.93,51,154,13,NA
RJ Harvey,RB,DEN,92.6,134.7,178.6,105.7,16.42,61,130,10,NA
Jaxson Dart,QB,NYG,94.7,288.5,328.2,232.9,12.62,63,119,8,NA
Brock Purdy,QB,SF,97.3,280.6,328.2,214.3,9.37,63,125,8,NA
Travis Kelce,TE,KC,98.7,138.3,166.6,108.9,13.65,66,138,5,NA
Patrick Mahomes II,QB,KC,101.1,272.0,328.2,214.3,11.7,63,129,5,NA
Bo Nix,QB,DEN,101.3,263.6,317.5,214.3,9.64,70,125,10,NA
Makai Lemon,WR,PHI,101.5,125.0,155.9,102.6,15.64,70,136,10,NA
Kenny Gainwell,RB,TB,101.6,129.9,157.3,80.1,14.64,77,156,10,NA
J.K. Dobbins,RB,DEN,102.1,125.7,166.8,72.6,17.7,72,177,10,NA
Jakobi Meyers,WR,JAC,102.2,122.8,160.5,96.8,17.8,62,158,7,NA
Quentin Johnston,WR,LAC,102.5,120.9,160.5,105.3,15.22,62,131,7,NA
Matthew Stafford,QB,LAR,104.7,255.0,328.2,183.5,14,63,148,11,NA
George Kittle,TE,SF,105.3,133.3,160.0,83.0,21.17,73,229,8,NA
Kyle Monangai,RB,CHI,106.0,121.7,157.3,80.1,13.88,78,156,10,NA
Jonathon Brooks,RB,CAR,106.3,118.5,170.7,44.1,31.34,67,243,5,NA
Jared Goff,QB,DET,106.7,248.2,328.2,214.3,11.25,59,124,6,NA
Jordan Addison,WR,MIN,108.6,119.0,158.8,99.7,14.13,68,149,6,NA
Rachaad White,RB,WAS,109.0,116.3,166.8,95.9,14.86,75,141,7,NA
Jayden Reed,WR,GB,109.7,117.1,155.9,99.7,13.54,76,149,11,NA
Stefon Diggs,WR,WAS,111.6,115.1,160.5,68.4,38.04,60,223,7,NA
Blake Corum,RB,LAR,112.8,113.4,149.2,90.0,13.44,84,145,11,NA
Kyler Murray,QB,MIN,113.3,241.4,296.2,203.6,9.12,92,134,6,NA
Jake Ferguson,TE,DAL,113.4,128.2,160.0,100.0,15.91,73,160,14,NA
Aaron Jones Sr.,RB,MIN,113.7,110.9,157.3,95.9,13.47,77,141,6,NA
Dalton Kincaid,TE,BUF,114.6,122.7,143.9,102.3,14.17,95,155,7,NA
Isaiah Likely,TE,NYG,116.7,117.2,143.9,83.0,25.51,85,229,8,NA
Baker Mayfield,QB,TB,117.5,232.9,309.0,203.6,9.55,74,136,10,NA
Jordan Love,QB,GB,119.3,224.2,296.2,183.5,9.6,92,145,11,NA
Jacory Croskey-Merritt,RB,WAS,119.5,108.5,157.3,95.9,13.21,78,143,7,NA
Khalil Shakir,WR,BUF,120.3,113.1,148.5,89.7,16.98,83,173,7,NA
Dallas Goedert,TE,PHI,122.3,112.8,143.9,100.0,16.33,87,158,10,NA
Tyler Shough,QB,NO,122.5,214.3,263.6,158.3,14.13,104,195,8,NA
Jordan Mason,RB,MIN,122.5,105.7,149.2,88.0,13.87,84,146,6,NA
Jayden Higgins,WR,HOU,122.8,111.1,127.5,87.2,13.21,94,176,8,NA
Jalen Coker,WR,CAR,125.3,109.3,132.8,95.2,13.93,90,163,5,NA
Xavier Worthy,WR,KC,127.1,107.2,132.8,87.2,13.27,90,180,5,NA
Mark Andrews,TE,BAL,127.5,108.9,143.9,98.0,20.12,95,173,13,NA
Romeo Doubs,WR,NE,129.4,105.3,127.5,92.1,13.92,96,170,11,NA
Malik Willis,QB,MIA,130.2,203.6,280.6,103.6,23.63,101,300,6,NA
Matthew Golden,WR,GB,131.5,103.9,148.5,84.4,17.42,82,183,11,NA
KC Concepcion,WR,CLE,131.6,102.6,132.8,34.8,30.01,90,298,11,NA
Tyrone Tracy Jr.,RB,NYG,132.1,102.7,113.4,72.6,10.77,113,177,8,NA
Tyler Allgeier,RB,ARI,139.4,99.3,125.7,80.1,11.82,103,164,14,NA
Woody Marks,RB,HOU,140.4,95.9,134.7,72.6,12.45,99,175,8,NA
C.J. Stroud,QB,HOU,140.9,192.4,263.6,150.9,17.22,104,214,8,NA
Sam Darnold,QB,SEA,141.9,183.5,232.9,150.9,13.57,119,203,11,NA
Deebo Samuel Sr.,WR,SF,142.0,101.0,148.5,65.0,34.85,83,241,8,NA
Chris Rodriguez Jr.,RB,JAC,143.1,92.7,110.9,33.1,20.38,118,263,7,NA
Zach Charbonnet,RB,SEA,143.6,90.0,129.9,42.6,19.97,102,245,11,NA
Juwan Johnson,TE,NO,143.9,105.3,133.3,88.3,21.06,106,209,8,NA
Tyjae Spears,RB,TEN,145.8,88.0,125.7,46.6,17.52,103,228,9,NA
Rashid Shaheed,WR,SEA,146.8,99.7,113.1,77.0,14.62,121,208,11,NA
Alvin Kamara,RB,NO,148.8,86.6,125.7,52.1,17.47,103,214,8,NA
Dylan Sampson,RB,CLE,149.6,84.8,125.7,57.0,17.35,103,203,11,NA
Isiah Pacheco,RB,DET,151.6,82.4,110.9,70.6,12.45,118,189,6,NA
Cam Ward,QB,TEN,152.3,174.0,214.3,136.7,21.15,125,246,9,NA
Houston Texans,DST,HOU,153.1,119.5,119.5,119.5,5.59,144,177,8,NA
Chig Okonkwo,TE,WAS,153.4,102.3,133.3,83.0,26.85,111,229,7,NA
Keaton Mitchell,RB,LAC,155.5,80.1,108.5,28.2,27.44,122,275,7,NA
Brenton Strange,TE,JAC,156.6,100.0,133.3,79.8,25.26,111,236,7,NA
Denzel Boston,WR,CLE,157.3,98.4,115.1,33.6,31.44,115,304,11,NA
Jauan Jennings,WR,MIN,157.7,96.8,127.5,41.9,28.04,94,283,6,NA
Daniel Jones,QB,IND,159.3,166.6,248.2,108.6,33.56,113,295,13,NA
Jerry Jeudy,WR,CLE,160.6,95.2,115.1,46.3,23.44,115,269,11,NA
Denver Broncos,DST,DEN,163.6,119.0,119.0,119.0,7.42,150,211,10,NA
Jonah Coleman,RB,DEN,165.7,77.7,105.7,8.6,32.36,127,322,10,NA
Bryce Young,QB,CAR,165.9,158.3,203.6,125.1,21.76,134,276,5,NA
Hunter Henry,TE,NE,166.3,98.0,108.9,83.0,22.34,131,228,11,NA
Seattle Seahawks,DST,SEA,167.4,118.5,118.5,118.5,5.49,151,195,11,NA
Omar Cooper Jr.,WR,NYJ,167.8,93.6,102.6,34.8,31.69,133,301,13,NA
Los Angeles Rams,DST,LAR,168.2,118.0,118.0,118.0,7.65,149,190,11,NA
Tank Bigsby,RB,PHI,168.3,75.2,105.7,45.5,22.85,132,234,10,NA
Jalen McMillan,WR,TB,169.0,92.1,107.2,38.9,24.54,128,293,10,NA
Brian Robinson Jr.,RB,ATL,170.0,72.6,90.0,45.5,20.52,144,234,11,NA
Adonai Mitchell,WR,NYJ,171.1,90.8,102.6,46.3,24.55,133,270,13,NA
Tre Tucker,WR,LV,172.6,89.7,119.0,41.0,28.44,109,289,13,NA
De'Zhaun Stribling,WR,SF,174.8,88.4,127.5,41.0,42.74,100,290,8,NA
Philadelphia Eagles,DST,PHI,174.9,117.5,117.5,117.5,9.86,157,235,10,NA
Travis Hunter,WR,JAC,175.7,87.2,115.1,39.8,30.86,116,292,7,NA
Oronde Gadsden II,TE,LAC,178.5,96.0,143.9,73.3,35.54,97,246,7,NA
Dalton Schultz,TE,HOU,178.9,93.8,143.9,83.0,25.34,97,229,8,NA
Tre' Harris,WR,LAC,180.3,86.0,111.1,34.8,27.53,123,296,7,NA
Braelon Allen,RB,NYJ,182.3,70.6,102.7,30.8,31.3,135,266,13,NA
Ryan Flournoy,WR,DAL,182.6,84.4,99.7,21.0,25.51,149,327,14,NA
New England Patriots,DST,NE,185.4,117.0,117.0,117.0,10.34,161,235,11,NA
Minnesota Vikings,DST,MIN,186.3,116.5,116.5,116.5,11.44,167,254,6,NA
Brandon Aubrey,K,DAL,186.5,129.5,129.5,129.5,3.51,166,193,14,NA
Pittsburgh Steelers,DST,PIT,187.1,116.0,116.0,116.0,8.65,161,240,9,NA
Jacksonville Jaguars,DST,JAC,188.7,115.5,115.5,115.5,15.36,151,279,7,NA
T.J. Hockenson,TE,MIN,191.2,91.8,112.8,73.3,21.43,124,246,6,NA
Los Angeles Chargers,DST,LAC,191.4,115.0,115.0,115.0,13.8,171,280,7,NA
Jalen Nailor,WR,LV,192.6,83.1,111.1,32.7,42.21,123,305,13,NA
Ka'imi Fairbairn,K,HOU,192.6,129.0,129.0,129.0,4.57,173,216,8,NA
Ray Davis,RB,BUF,193.0,67.9,95.9,33.1,30.27,143,263,7,NA
James Conner,RB,ARI,194.7,65.3,110.9,9.7,41.07,117,318,14,NA
Kimani Vidal,RB,LAC,194.8,62.8,82.4,23.1,35.11,152,288,7,NA
Kayshon Boutte,WR,NE,195.4,82.1,99.7,44.8,27.4,154,277,11,NA
Jacoby Brissett,QB,ARI,195.6,150.9,203.6,75.4,39.11,134,340,14,NA
Cameron Dicker,K,LAC,196.0,128.5,128.5,128.5,16.24,170,333,7,NA
Baltimore Ravens,DST,BAL,197.6,114.5,114.5,114.5,16.25,171,280,13,NA
Emmett Johnson,RB,KC,198.0,60.1,88.0,8.6,40.58,148,322,5,NA
Cam Little,K,JAC,199.0,128.0,128.0,128.0,9.36,171,252,7,NA
Dontayvion Wicks,WR,PHI,199.4,80.2,102.6,46.3,29.58,133,268,10,NA
Malik Washington,WR,MIA,199.4,81.1,109.3,40.4,36.47,126,291,6,NA
Sean Tucker,RB,TB,200.1,57.0,95.9,18.1,34.26,141,299,10,NA
Greg Dulcich,TE,MIA,200.2,90.2,108.9,50.7,43.44,131,306,6,NA
Jason Myers,K,SEA,200.8,127.5,127.5,127.5,10.56,174,253,11,NA
Green Bay Packers,DST,GB,201.7,114.0,114.0,114.0,21,181,279,11,NA
Pat Bryant,WR,DEN,202.1,79.0,102.6,43.2,30.84,137,280,10,NA
Troy Franklin,WR,DEN,202.1,79.7,102.6,20.0,37.68,133,328,10,NA
Jaylin Noel,WR,HOU,203.1,78.0,102.6,34.8,29.97,140,302,8,NA
Calvin Ridley,WR,TEN,204.4,77.0,109.3,26.8,35.76,126,316,9,NA
Mike Washington Jr.,RB,LV,206.0,54.7,95.9,10.7,34.45,143,313,13,NA
AJ Barner,TE,SEA,208.3,88.3,108.9,68.5,25.25,138,261,11,NA
Eddy Pineiro,K,SF,208.5,127.0,127.0,127.0,10.33,178,250,8,NA
Isaac TeSlaa,WR,DET,208.6,75.5,95.2,43.2,26.21,163,278,6,NA
Emanuel Wilson,RB,SEA,208.7,52.1,95.9,21.4,35.97,143,290,11,NA
Darnell Mooney,WR,NYG,208.7,74.0,102.6,34.8,25.21,136,296,8,NA
Tyler Loop,K,BAL,208.8,126.5,126.5,126.5,11.55,184,259,13,NA
Kansas City Chiefs,DST,KC,212.2,113.5,113.5,113.5,19.86,151,279,5,NA
Evan McPherson,K,CIN,213.9,126.0,126.0,126.0,13.48,176,263,6,NA
Cleveland Browns,DST,CLE,213.9,113.0,113.0,113.0,30.98,172,317,11,NA
Tank Dell,WR,HOU,214.6,72.5,99.7,43.2,27.67,150,281,8,NA
Cairo Santos,K,CHI,216.1,125.5,125.5,125.5,13.27,196,282,10,NA
Nicholas Singleton,RB,TEN,216.8,49.9,102.7,8.6,42.14,135,323,9,NA
Kenyon Sadiq,TE,NYJ,218.3,85.7,105.3,16.1,37.7,144,392,13,NA
Antonio Williams,WR,WAS,219.4,70.9,102.6,20.0,40.11,136,328,7,NA
Detroit Lions,DST,DET,220.2,112.5,112.5,112.5,22.16,185,279,6,NA
MarShawn Lloyd,RB,GB,220.8,48.5,102.7,7.4,54,136,330,11,NA
Rashod Bateman,WR,BAL,220.8,69.4,95.2,34.8,28.38,163,296,13,NA
Andy Borregales,K,NE,221.3,125.0,125.0,125.0,17.41,191,285,11,NA
Aaron Rodgers,QB,PIT,221.7,143.1,183.5,66.4,43.52,147,343,9,NA
Cooper Kupp,WR,SEA,222.0,68.4,102.6,34.8,30.82,140,298,11,NA
Gunnar Helm,TE,TEN,222.3,83.0,105.3,56.2,26.71,153,290,9,NA
Jaydon Blue,RB,DAL,223.7,47.6,102.7,8.3,47.84,135,328,14,NA
Jake Bates,K,DET,225.0,124.5,124.5,124.5,17.46,180,282,6,NA
Chase McLaughlin,K,TB,225.9,124.0,124.0,124.0,18.86,183,282,10,NA
Geno Smith,QB,NYJ,227.8,136.7,183.5,125.1,32.44,147,285,13,NA
Kaytron Allen,RB,WAS,227.8,46.6,80.1,8.6,34.91,158,324,7,NA
Buffalo Bills,DST,BUF,228.6,112.0,112.0,112.0,23.27,189,341,7,NA
Zachariah Branch,WR,ATL,229.7,67.3,99.7,28.4,32.85,150,313,11,NA
Harrison Mevis,K,LAR,231.5,123.5,123.5,123.5,23.27,187,282,11,NA
Jaylen Wright,RB,MIA,231.7,45.5,80.1,18.1,26.28,157,296,6,NA
Chimere Dike,WR,TEN,232.9,66.0,99.7,20.0,36.76,150,328,9,NA
Terrance Ferguson,TE,LAR,235.2,79.8,98.0,56.2,24.88,173,290,11,NA
Germie Bernard,WR,PIT,236.0,65.0,89.7,25.6,31.72,173,319,9,NA
Pat Freiermuth,TE,PIT,236.5,76.4,108.9,34.2,30.48,131,332,9,NA
Justice Hill,RB,BAL,237.7,44.1,90.0,11.2,38.94,145,310,13,NA
Harrison Butker,K,KC,240.6,123.0,123.0,123.0,24.07,187,313,5,NA
Chris Boswell,K,PIT,241.1,122.5,122.5,122.5,18.09,184,282,9,NA
Elic Ayomanor,WR,TEN,242.5,63.8,93.6,14.7,36.68,168,344,9,NA
Cade Otton,TE,TB,242.6,73.3,100.0,56.2,21.79,158,290,10,NA
Ollie Gordon II,RB,MIA,243.0,42.6,72.6,11.2,22.81,173,309,6,NA
Jack Bech,WR,LV,244.0,62.7,87.2,19.4,26.3,178,331,13,NA
Keon Coleman,WR,BUF,244.6,61.5,102.6,19.4,31.75,140,331,7,NA
Brandon Aiyuk,WR,SF,245.9,60.6,107.2,13.7,54.98,128,348,8,NA
Isaiah Davis,RB,NYJ,247.8,40.6,72.6,10.2,30.4,171,317,13,NA
Spencer Shrader,K,IND,248.2,122.0,122.0,122.0,25.2,211,282,13,NA
David Njoku,TE,LAC,248.9,70.9,98.0,54.1,21.8,173,299,7,NA
Chris Bell,WR,MIA,249.2,59.6,92.1,29.6,30.46,170,311,6,NA
Cyrus Allen,WR,KC,249.3,58.7,99.7,7.7,61.96,150,439,5,NA
Blake Grupe,K,IND,249.3,121.5,121.5,121.5,48.15,214,354,13,NA
George Holani,RB,SEA,251.2,38.5,80.1,10.7,40.97,160,313,11,NA
Christian Kirk,WR,SF,251.5,57.5,95.2,23.8,30.85,165,324,8,NA
Ja'Kobi Lane,WR,BAL,251.8,56.4,99.7,15.5,45.73,154,339,13,NA
Evan Engram,TE,DEN,253.2,68.5,108.9,52.3,26.19,138,300,10,NA
Dallas Cowboys,DST,DAL,253.3,111.5,111.5,111.5,65.72,179,366,14,NA
Demond Claiborne,RB,MIN,254.0,36.5,80.1,1.6,34.79,164,354,6,NA
Ted Hurst III,WR,TB,254.2,55.0,84.4,12.4,35.2,184,351,10,NA
Tory Horton,WR,SEA,254.7,53.5,82.1,25.0,23.67,197,323,11,NA
Malachi Fields,WR,NYG,254.8,52.3,84.4,8.6,33.83,190,379,8,NA
Will Reichard,K,MIN,254.8,121.0,121.0,121.0,32.3,192,333,6,NA
Ty Johnson,RB,BUF,255.1,34.7,80.1,0.0,36.02,156,385,7,NA
Fernando Mendoza,QB,LV,255.6,130.2,158.3,66.4,37.52,172,345,13,NA
Tyreek Hill,WR,FA,256.4,51.2,102.6,15.5,47.4,133,340,NA,NA
Caleb Douglas,WR,MIA,257.8,50.2,95.2,8.2,57.39,164,390,6,NA
Cincinnati Bengals,DST,CIN,258.6,111.0,111.0,111.0,57.43,212,356,6,NA
Elijah Sarratt,WR,BAL,259.0,49.5,77.0,12.7,23.75,208,350,13,NA
Marvin Mims Jr.,WR,DEN,259.1,48.9,80.2,34.8,24.21,202,299,10,NA
Nick Folk,K,ATL,259.1,120.5,120.5,120.5,52.24,199,366,11,NA
Xavier Legette,WR,CAR,259.6,48.2,87.2,19.4,31.85,178,332,5,NA
San Francisco 49ers,DST,SF,260.0,110.5,110.5,110.5,30.23,194,356,8,NA
Trey Benson,RB,ARI,261.1,33.1,90.0,0.7,47.28,145,364,14,NA
Trey Smack,K,GB,262.6,120.0,120.0,120.0,47.93,215,373,11,NA
Colby Parkinson,TE,LAR,262.8,66.7,88.3,23.1,20.19,214,353,11,NA
Atlanta Falcons,DST,ATL,263.7,110.0,110.0,110.0,31.79,186,356,11,NA
Brandon McManus,K,FA,264.0,119.5,119.5,119.5,78.75,197,395,NA,NA
Tua Tagovailoa,QB,ATL,264.3,125.1,203.6,66.4,37.9,134,346,11,NA
LeQuint Allen Jr.,RB,JAC,264.5,32.1,75.2,8.6,27.59,169,326,7,NA
Jordan James,RB,SF,264.7,31.3,80.1,0.0,40.56,160,401,8,NA
Chris Brooks,RB,GB,265.2,30.8,72.6,9.0,28.24,182,321,11,NA
DJ Giddens,RB,IND,266.8,30.1,72.6,7.9,24.16,177,329,13,NA
Darius Slayton,WR,NYG,267.2,47.6,82.1,9.4,28,199,371,8,NA
Tyquan Thornton,WR,KC,267.6,47.0,92.1,9.4,31.88,170,370,5,NA
Wil Lutz,K,DEN,267.7,119.0,119.0,119.0,31.6,188,333,10,NA
Keenan Allen,WR,LAC,267.8,46.3,93.6,34.8,28.87,168,298,7,NA
Kaelon Black,RB,SF,268.1,29.5,80.1,5.1,45.39,160,337,8,NA
Tennessee Titans,DST,TEN,268.2,109.5,109.5,109.5,70,194,356,9,NA
Chicago Bears,DST,CHI,268.4,109.0,109.0,109.0,45.98,185,342,10,NA
New Orleans Saints,DST,NO,268.9,108.5,108.5,108.5,39.23,183,356,8,NA
Samaje Perine,RB,CIN,270.4,29.0,80.1,0.0,39.7,157,414,6,NA
Kyle Williams,WR,NE,270.5,45.6,83.1,14.7,32.31,195,343,11,NA
Mike Gesicki,TE,CIN,270.5,65.0,83.0,23.1,25.05,226,355,6,NA
Kaleb Johnson,RB,PIT,271.1,28.2,90.0,4.2,34.33,145,343,9,NA
Devaughn Vele,WR,NO,272.3,44.8,69.4,26.8,19.49,221,315,8,NA
Mason Taylor,TE,NYJ,272.8,62.9,90.2,32.3,28.51,203,336,13,NA
Eli Stowers,TE,PHI,273.2,60.6,88.3,17.3,28.54,217,377,10,NA
Devin Neal,RB,NO,275.4,27.3,75.2,0.0,37.32,169,377,8,NA
Indianapolis Colts,DST,IND,276.0,108.0,108.0,108.0,38.91,171,357,13,NA
Las Vegas Raiders,DST,LV,276.5,107.5,107.5,107.5,61.21,188,361,13,NA
Mack Hollins,WR,NE,277.3,44.0,77.0,8.2,35.15,205,384,11,NA
New York Giants,DST,NYG,277.5,107.0,107.0,107.0,56.8,186,387,8,NA
Andrei Iosivas,WR,CIN,277.8,43.2,82.1,10.9,30.65,197,361,6,NA
Tyler Bass,K,BUF,278.1,118.5,118.5,118.5,47.75,216,410,7,NA
Theo Johnson,TE,NYG,279.3,58.4,91.8,22.3,24.44,196,357,8,NA
Brashard Smith,RB,KC,279.4,26.5,45.5,5.1,22.55,234,337,5,NA
Jake Moody,K,WAS,279.6,118.0,118.0,118.0,30.23,248,333,7,NA
Chris Brazzell II,WR,CAR,281.0,42.5,68.4,9.4,32.96,227,368,5,NA
Elijah Moore,WR,PHI,281.5,41.9,48.2,34.8,17.5,264,299,10,NA
Daniel Carlson,K,LV,281.8,117.5,117.5,117.5,68.11,210,405,13,NA
Tampa Bay Buccaneers,DST,TB,282.2,106.5,106.5,106.5,62.6,190,365,10,NA
Jake Tonges,TE,SF,282.4,56.2,100.0,28.3,32.31,158,345,8,NA
Malik Davis,RB,DAL,282.9,25.4,49.9,4.2,25.82,219,343,14,NA
Hollywood Brown,WR,PHI,283.8,41.4,72.5,8.6,25.23,218,375,10,NA
Najee Harris,RB,LAC,285.1,24.1,80.1,5.1,32.38,157,337,7,NA
Skyler Bell,WR,BUF,285.2,41.0,80.2,8.2,35.21,200,384,7,NA
Charlie Smyth,K,NO,285.8,117.0,117.0,117.0,39.68,207,364,8,NA
Kendre Miller,RB,NO,287.2,23.1,80.1,0.5,36.37,164,366,8,NA
Arizona Cardinals,DST,ARI,287.5,106.0,106.0,106.0,75.5,212,363,14,NA
Devin Singletary,RB,NYG,288.5,22.2,80.1,6.9,26.57,162,332,8,NA
Emari Demercado,RB,KC,288.8,21.4,80.1,0.0,35.92,162,381,5,NA
Washington Commanders,DST,WAS,289.5,105.5,105.5,105.5,92.99,190,403,7,NA
Michael Penix Jr.,QB,ATL,289.6,119.2,150.9,66.4,24.13,218,347,11,NA
Jerome Ford,RB,WAS,290.1,20.7,60.1,8.6,27.37,200,326,7,NA
New York Jets,DST,NYJ,290.4,105.0,105.0,105.0,95.02,191,432,13,NA
Isaiah Bond,WR,CLE,290.7,40.4,67.3,8.2,29.07,230,388,11,NA
Adam Randall,RB,BAL,291.5,19.8,57.0,5.1,27.57,205,338,13,NA
Diontae Johnson,WR,FA,291.5,39.8,68.4,11.8,68.5,223,360,NA,NA
Deshaun Watson,QB,CLE,292.1,113.7,136.7,61.9,24.55,242,348,11,NA
Jalen Tolbert,WR,MIA,292.6,38.9,87.2,8.2,46.85,179,388,6,NA
Jaleel McLaughlin,RB,DEN,294.1,19.0,72.6,0.0,30.42,177,381,10,NA
Kirk Cousins,QB,LV,294.4,108.6,150.9,57.2,28.76,212,349,13,NA
Seth McGowan,RB,IND,294.4,18.1,54.7,4.2,27.15,208,343,13,NA
Jahan Dotson,WR,ATL,294.9,37.5,83.1,8.6,40.89,195,375,11,NA
Xavier Restrepo,WR,TEN,295.2,36.1,65.0,19.4,36.23,239,330,9,NA
Carolina Panthers,DST,CAR,295.5,104.5,104.5,104.5,49.22,172,367,5,NA
Jake Elliott,K,PHI,295.5,116.5,116.5,116.5,47.16,205,383,10,NA
Brandin Cooks,WR,FA,295.7,34.8,46.3,17.0,29.01,269,336,NA,NA
Shedeur Sanders,QB,CLE,295.9,103.6,150.9,57.2,27.4,214,350,11,NA
Ryan Fitzgerald,K,CAR,297.2,116.0,116.0,116.0,77.05,213,409,5,NA
Darren Waller,TE,CAR,297.6,54.1,83.0,16.1,51.46,224,379,5,NA
Darnell Washington,TE,PIT,299.6,52.3,68.5,16.1,27.97,259,389,9,NA
Bam Knight,RB,ARI,300.4,17.3,57.0,1.2,34.31,201,358,14,NA
Jarquez Hunter,RB,LAR,300.6,16.6,40.6,1.1,22.68,248,361,11,NA
Tahj Brooks,RB,CIN,301.5,15.9,45.5,4.2,20.59,237,343,6,NA
Zane Gonzalez,K,MIA,301.8,115.5,115.5,115.5,63.79,206,408,6,NA
Isaac Guerendo,RB,SF,303.1,15.0,49.9,1.1,26.67,219,362,8,NA
Oscar Delp,TE,NO,303.3,50.7,85.7,18.9,36.4,221,373,8,NA
Ashton Dulin,WR,IND,303.8,33.6,58.7,15.5,27.43,250,340,13,NA
Konata Mumpfield,WR,LAR,304.4,32.7,61.5,9.4,28.57,245,367,11,NA
Chad Ryland,K,ARI,304.7,115.0,115.0,115.0,74.18,200,394,14,NA
Audric Estime,RB,NO,304.8,14.1,40.6,0.5,23.19,248,370,8,NA
Raheem Mostert,RB,LV,305.0,13.2,18.1,10.7,9,296,314,13,NA
Joe Mixon,RB,FA,305.2,12.3,82.4,0.7,39.99,153,363,NA,NA
Brenen Thompson,WR,LAC,305.4,32.0,60.6,8.2,39.13,247,384,7,NA
Cedric Tillman,WR,CLE,305.9,31.5,60.6,8.2,30.66,247,387,11,NA
Ben Sauls,K,NYG,306.3,114.5,114.5,114.5,81.29,209,454,8,NA
Tez Johnson,WR,TB,306.8,30.9,50.2,9.4,26.97,258,371,10,NA
Trevor Etienne,RB,CAR,307.4,11.7,40.6,1.2,18.74,251,358,5,NA
Eli Heidenreich,RB,PIT,308.0,11.2,40.6,0.4,33.75,248,373,9,NA
Kendrick Bourne,WR,ARI,308.7,30.2,72.5,7.7,54.47,218,447,14,NA
Joshua Palmer,WR,BUF,308.8,29.6,77.0,8.2,41.82,208,385,7,NA
Elijah Arroyo,TE,SEA,308.9,49.1,73.3,19.8,27.12,246,369,11,NA
Tommy Myers,TE,FA,309.5,47.7,68.5,15.4,69.62,256,426,NA,NA
Miami Dolphins,DST,MIA,310.1,104.0,104.0,104.0,68.46,188,393,6,NA
Phil Mafah,RB,DAL,310.8,10.7,44.1,0.0,40.16,243,400,14,NA
Luke McCaffrey,WR,WAS,311.5,29.0,48.2,8.0,27.25,265,404,7,NA
Michael Mayer,TE,LV,311.7,46.0,68.5,19.8,27.69,261,370,13,NA
Olamide Zaccheaus,WR,ATL,312.9,28.4,68.4,9.4,33.28,224,371,11,NA
Roman Wilson,WR,PIT,313.0,27.8,45.6,10.9,30.45,272,362,9,NA
Will Kacmarek,TE,MIA,314.0,44.6,50.7,42.3,5.89,306,320,6,NA
Jalen Royals,WR,KC,314.1,27.3,49.5,9.4,24.76,259,371,5,NA
Calvin Austin III,WR,NYG,314.2,26.8,48.2,8.0,35.29,262,411,8,NA
Joey Slye,K,TEN,314.3,114.0,114.0,114.0,68.64,212,404,9,NA
Kareem Hunt,RB,FA,315.0,10.2,34.7,0.0,25.14,260,422,NA,NA
KaVontae Turpin,WR,DAL,316.0,26.2,72.5,7.7,54.42,218,434,14,NA
DeMario Douglas,WR,NE,316.3,25.6,72.5,7.7,42.63,218,424,11,NA
Charlie Kolar,TE,LAC,317.7,43.5,68.5,16.1,44.41,256,392,7,NA
Will Shipley,RB,PHI,317.9,9.7,34.7,1.1,21.59,257,360,10,NA
Tyler Higbee,TE,LAR,318.0,42.3,68.5,18.9,26.27,259,372,11,NA
Reggie Gilliam,RB,NE,319.5,9.3,16.6,5.1,18.5,301,338,11,NA
Malik Benson,WR,LV,320.1,25.0,66.0,7.7,71.87,236,436,13,NA
Raheim Sanders,RB,CLE,320.4,9.0,34.7,0.0,29.84,256,384,11,NA
Max Klare,TE,LAR,320.6,40.1,58.4,19.8,23.85,281,370,11,NA
Ja'Tavion Sanders,TE,CAR,320.6,41.1,73.3,16.1,35.33,243,400,5,NA
Cole Kmet,TE,CHI,320.7,38.6,68.5,16.1,27.5,259,382,10,NA
Ty Chandler,RB,NO,321.0,8.6,25.4,0.0,36.93,283,382,8,NA
J.J. McCarthy,QB,MIN,322.6,97.8,125.1,33.0,18.25,278,359,6,NA
Odell Beckham Jr.,WR,NYG,323.3,24.5,32.7,12.7,19.29,305,350,8,NA
Jalen Milroe,QB,SEA,323.7,92.1,136.7,33.0,48.55,255,358,11,NA
Bryce Lance,WR,NO,323.9,23.8,46.3,8.2,31.41,270,386,8,NA
Treylon Burks,WR,WAS,324.0,23.2,83.1,8.0,43.56,195,410,7,NA
Tyler Lockett,WR,LV,324.7,22.6,60.6,7.7,68.19,247,413,13,NA
Noah Gray,TE,KC,325.0,37.0,56.2,19.8,23.11,290,367,5,NA
Xavier Smith,WR,LAR,325.3,21.9,41.0,8.2,43.18,289,386,11,NA
Dont'e Thornton Jr.,WR,LV,325.5,21.4,46.3,8.2,35.46,270,384,13,NA
John Bates,TE,WAS,325.6,35.6,60.6,15.4,46.47,274,430,7,NA
Carson Beck,QB,ARI,325.7,86.8,125.1,33.0,18.87,286,368,14,NA
Kevin Coleman Jr.,WR,MIA,325.7,21.0,65.0,7.7,46.72,240,421,6,NA
Erick All Jr.,TE,CIN,326.4,34.2,68.5,16.1,32.85,254,411,6,NA
Kalif Raymond,WR,CHI,327.1,20.6,46.3,8.2,37.51,270,380,10,NA
J'Mari Taylor,RB,JAC,327.7,8.3,14.1,0.1,21.57,305,376,7,NA
Greg Dortch,WR,DET,327.7,20.0,45.6,8.2,40.74,271,397,6,NA
Khalil Herbert,RB,SF,328.5,7.9,19.8,0.0,31.6,294,378,8,NA
John Metchie III,WR,CAR,328.9,19.4,45.6,7.7,38.55,272,417,5,NA
Nick Chubb,RB,FA,329.2,7.4,28.2,0.0,30.28,275,402,NA,NA
Kyle Juszczyk,RB,SF,331.8,6.9,45.5,0.7,43,237,364,8,NA
Dawson Knox,TE,BUF,332.2,32.9,60.6,15.4,30.37,274,416,7,NA
Eli Raridon,TE,NE,333.0,32.3,66.7,15.4,38.31,268,448,11,NA
Reggie Virgil,WR,ARI,333.0,18.7,39.8,8.9,41,292,374,14,NA
Tutu Atwell,WR,MIA,333.1,18.1,60.6,7.7,40.54,247,425,6,NA
Hunter Luepke,RB,DAL,333.2,6.3,25.4,0.0,47.27,284,381,14,NA
Jahdae Walker,WR,CHI,333.8,17.6,32.7,9.4,24.85,305,371,10,NA
Michael Carter,RB,TEN,334.5,5.7,25.4,0.0,28.79,283,416,9,NA
Theo Wease Jr.,WR,MIA,335.0,17.4,52.3,7.7,67.45,255,420,6,NA
Nick Westbrook-Ikhine,WR,IND,335.6,17.0,50.2,7.7,43.93,258,414,13,NA
Jawhar Jordan,RB,HOU,336.8,5.1,26.5,0.0,32.38,282,409,8,NA
Savion Williams,WR,GB,337.1,16.6,45.6,7.7,35.39,272,445,11,NA
Xavier Hutchinson,WR,HOU,337.2,16.3,37.5,8.6,25.74,295,378,8,NA
Cade Klubnik,QB,NYJ,338.4,81.2,103.6,33.0,20.23,309,359,13,NA
Michael Woods II,WR,DEN,338.5,15.9,43.2,8.2,58.5,280,397,10,NA
Van Jefferson,WR,WAS,338.5,15.5,34.8,8.9,35.5,303,374,7,NA
Mac Jones,QB,SF,338.7,75.4,103.6,25.8,26.65,305,444,8,NA
Sione Vaki,RB,DET,339.2,4.7,11.2,0.0,27.34,310,393,6,NA
Zavion Thomas,WR,CHI,340.4,15.2,48.2,7.7,46.67,266,442,10,NA
Colbie Young,WR,CIN,340.8,14.9,33.6,8.2,31.11,304,380,6,NA
Mitch Tinsley,WR,CIN,341.8,14.7,41.0,8.2,43.49,286,396,6,NA
Justin Fields,QB,KC,342.1,70.9,150.9,25.8,31.16,214,390,5,NA
Ty Simpson,QB,LAR,342.2,66.4,125.1,25.8,25.02,287,390,11,NA
Justin Joly,TE,DEN,342.3,31.7,56.2,16.1,22.3,295,380,10,NA
Dylan Laube,RB,LV,342.5,4.2,10.7,1.1,18.57,314,360,13,NA
Max Bredeson,RB,MIN,343.0,3.8,19.8,0.0,51,292,394,6,NA
Jonnu Smith,TE,FA,343.3,31.2,58.4,15.4,54.96,281,429,NA,NA
Noah Fant,TE,NO,343.6,30.4,56.2,16.1,26.87,287,387,8,NA
Tommy Tremble,TE,CAR,344.2,29.3,56.2,16.1,28.54,291,403,5,NA
Austin Hooper,TE,ATL,344.2,28.3,47.7,17.3,24.3,310,377,11,NA
Zamir White,RB,SF,344.5,3.6,11.2,0.0,35.5,309,380,8,NA
Jeremy McNichols,RB,WAS,344.7,3.4,34.7,0.0,43.15,257,389,7,NA
DeAndre Hopkins,WR,BAL,344.8,14.4,69.4,7.7,84.77,221,451,13,NA
Rasheen Ali,RB,BAL,344.9,3.1,10.7,0.4,21.44,314,374,13,NA
Jaylin Lane,WR,WAS,345.1,14.1,34.8,7.7,31.04,298,412,7,NA
Jam Miller,RB,NE,346.4,2.9,25.4,0.0,32.08,284,387,11,NA
Quinn Ewers,QB,MIA,347.0,61.9,103.6,28.0,28.99,311,382,6,NA
Damien Martinez,RB,GB,347.2,2.7,27.3,0.0,37.29,278,412,11,NA
Jordan Whittington,WR,LAR,347.6,13.7,41.0,7.7,44.08,286,443,11,NA
Daniel Bellinger,TE,TEN,348.0,27.2,50.7,16.1,30.88,306,397,9,NA
Miles Sanders,RB,FA,348.0,2.4,29.0,0.0,72.97,271,446,NA,NA
Sincere McCormick,RB,SF,348.0,2.1,15.9,0.0,46,302,394,8,NA
CJ Daniels,WR,LAR,348.1,13.4,41.0,7.7,33.06,289,419,11,NA
Anthony Richardson Sr.,QB,IND,348.5,57.2,103.6,28.0,20.75,306,381,13,NA
Devontez Walker,WR,BAL,348.6,13.0,41.0,7.7,46.46,287,452,13,NA
Zach Ertz,TE,FA,348.8,25.9,70.9,16.1,45.33,252,402,NA,NA
Dameon Pierce,RB,PHI,348.9,1.9,10.7,0.0,20.8,311,381,10,NA
Tai Felton,WR,MIN,349.0,12.7,45.6,7.7,67.89,272,457,6,NA
Mo Alie-Cox,TE,IND,349.3,24.9,54.1,16.1,38.31,298,390,13,NA
Demarcus Robinson,WR,SF,350.2,12.4,32.7,7.7,43.96,305,415,8,NA
Roschon Johnson,RB,CHI,350.5,1.7,10.7,0.0,25.87,314,391,10,NA
Gardner Minshew II,QB,ARI,351.0,52.3,75.4,33.0,12,339,363,14,NA
Ben Sinnott,TE,WAS,351.1,24.0,42.3,16.1,19.21,319,386,7,NA
Luke Musgrave,TE,GB,351.4,23.1,56.2,16.1,23.43,295,384,11,NA
Terrell Jennings,RB,NE,351.7,1.6,9.7,0.0,28.22,319,407,11,NA
Joe Flacco,QB,CIN,353.3,46.4,103.6,25.8,25.28,305,386,6,NA
Austin Ekeler,RB,FA,354.1,1.4,18.1,0.0,26.73,297,392,NA,NA
Jameis Winston,QB,NYG,354.5,41.6,103.6,25.8,22.97,322,398,8,NA
Josh Oliver,TE,MIN,355.8,22.3,49.1,16.1,29.32,309,390,6,NA
Marcus Mariota,QB,WAS,356.1,37.0,92.1,25.8,26.74,324,398,7,NA
Tyler Goodson,RB,ATL,356.2,1.2,7.9,0.0,24.69,329,394,11,NA
Tim Patrick,WR,NYJ,356.5,12.1,26.8,8.0,41.5,315,398,13,NA
Joe Milton III,QB,DAL,356.8,33.0,103.6,25.8,20.91,320,388,14,NA
Mitchell Evans,TE,CAR,357.9,21.5,42.3,16.1,19.41,319,387,5,NA
Zavier Scott,RB,MIN,358.0,1.1,8.6,0.0,24.65,322,387,6,NA
Jermaine Burton,WR,FA,358.3,11.8,38.9,7.7,71.6,293,458,NA,NA
David Sills V,WR,TB,360.0,11.4,19.4,8.2,31,329,391,10,NA
Deion Burks,WR,IND,360.1,10.9,34.8,7.7,42.63,296,455,13,NA
Miles Davis,RB,CAR,362.5,0.9,4.7,0.0,20.5,342,383,5,NA
Antonio Gibson,RB,FA,362.6,0.8,8.6,0.0,41.5,326,435,NA,NA
Elijah Mitchell,RB,FA,362.7,0.7,19.8,0.0,71.13,292,460,NA,NA
Dyami Brown,WR,WAS,364.9,10.4,34.8,7.7,42.99,301,456,7,NA
Gabe Davis,WR,FA,365.0,9.9,44.8,7.7,88,277,453,NA,NA
Frank Gore Jr.,RB,BUF,365.0,0.5,1.1,0.5,5,360,370,7,NA
Tanner Koziol,TE,JAC,365.4,20.7,24.9,17.3,8.89,351,377,7,NA
Marlin Klein,TE,HOU,365.7,19.8,25.9,16.1,20.81,349,395,8,NA
Jimmy Horn Jr.,WR,CAR,366.0,9.4,14.7,8.6,15.58,344,378,5,NA
Adam Trautman,TE,DEN,370.0,18.9,50.7,15.4,36.44,308,415,10,NA
Riley Leonard,QB,IND,371.4,29.9,66.4,25.8,14.73,345,386,13,NA
Cam Akers,RB,FA,371.5,0.4,14.1,0.0,66.5,305,438,NA,NA
JuJu Smith-Schuster,WR,NYG,372.5,8.9,12.7,8.2,22.5,350,395,8,NA
Tyrod Taylor,QB,GB,373.0,28.0,97.8,25.8,50,323,423,11,NA
Marquez Valdes-Scantling,WR,DAL,374.5,8.6,25.6,7.7,40.14,318,431,14,NA
Taysom Hill,TE,FA,374.5,18.0,49.1,15.4,65.5,309,440,NA,NA
Gus Edwards,RB,FA,374.5,0.3,10.7,0.0,62.5,312,437,NA,NA
Jaydn Ott,RB,KC,374.5,0.1,0.5,0.0,8.5,366,383,5,NA
Jackson Hawes,TE,BUF,374.6,17.3,19.8,16.1,7.12,366,383,7,NA
Cash Jones,RB,ATL,376.5,0.0,1.1,0.0,16.5,360,393,11,NA
Elijah Higgins,TE,ARI,377.7,16.7,23.1,15.4,24.48,353,428,14,NA
Luke Schoonmaker,TE,DAL,378.7,16.1,17.3,16.1,2.87,375,382,14,NA
Robert Henry Jr.,RB,WAS,379.0,0.0,0.7,0.0,14.65,364,399,7,NA
Lil'Jordan Humphrey,WR,DEN,379.5,8.2,12.4,8.0,28.5,351,408,10,NA
Trey Lance,QB,LAC,385.0,25.8,28.0,25.8,9.27,377,398,7,NA
Myles Montgomery,RB,FA,385.0,0.0,0.7,0.0,20,365,405,NA,NA
Jason Sanders,K,NYJ,390.0,113.5,113.5,113.5,16,374,406,13,NA
Juice Wells Jr.,WR,ATL,397.0,8.0,17.6,7.7,62,335,459,11,NA
Jacob Cowing,WR,SF,411.5,7.7,8.9,7.7,38.5,373,450,8,NA
Michael Trigg,TE,DAL,412.5,15.4,16.1,15.4,20.5,392,433,14,NA
