player,pos,ecr
Ja'Marr Chase,WR,1.1
Bijan Robinson,RB,2.93
Justin Jefferson,WR,3.98
CeeDee Lamb,WR,3.98
Jahmyr Gibbs,RB,6.51
Puka Nacua,WR,6.85
Malik Nabers,WR,7.27
Amon-Ra St. Brown,WR,8.93
Saquon Barkley,RB,9.28
Nico Collins,WR,10
Brian Thomas Jr.,WR,10.96
Drake London,WR,13.3
Christian McCaffrey,RB,14.51
De'Von Achane,RB,15.88
Ashton Jeanty,RB,16.24
Brock Bowers,TE,16.59
A.J. Brown,WR,18.01
Ladd McConkey,WR,18.09
Jaxon Smith-Njigba,WR,20.44
Trey McBride,TE,20.45
Derrick Henry,RB,23.01
Garrett Wilson,WR,23.38
Tyreek Hill,WR,24.22
Josh Allen,QB,24.99
Tee Higgins,WR,25.45
Lamar Jackson,QB,25.91
Chase Brown,RB,28.22
Bucky Irving,RB,28.82
Davante Adams,WR,29.82
Josh Jacobs,RB,29.88
Jayden Daniels,QB,31.45
George Kittle,TE,31.94
Jonathan Taylor,RB,33.15
Mike Evans,WR,33.79
Terry McLaurin,WR,35.63
Jalen Hurts,QB,37.46
Kyren Williams,RB,38.57
DJ Moore,WR,38.91
Breece Hall,RB,39.09
Marvin Harrison Jr.,WR,39.21
Alvin Kamara,RB,39.46
Kenneth Walker III,RB,44.51
DK Metcalf,WR,46.05
James Cook,RB,46.82
Courtland Sutton,WR,46.84
Joe Burrow,QB,48.34
DeVonta Smith,WR,48.48
Rashee Rice,WR,50.29
Chuba Hubbard,RB,50.94
Zay Flowers,WR,52.02
James Conner,RB,52.83
Omarion Hampton,RB,52.98
Jaylen Waddle,WR,57.4
Tetairoa McMillan,WR,57.54
Chris Olave,WR,58.74
Xavier Worthy,WR,60.44
Jameson Williams,WR,62.43
Patrick Mahomes II,QB,63.41
D'Andre Swift,RB,65.01
David Montgomery,RB,65.3
George Pickens,WR,66.3
T.J. Hockenson,TE,66.39
Calvin Ridley,WR,67.1
Sam LaPorta,TE,67.35
Baker Mayfield,QB,68.23
Aaron Jones Sr.,RB,68.34
TreVeyon Henderson,RB,69.44
Jerry Jeudy,WR,70.15
Joe Mixon,RB,70.51
Travis Hunter,WR,70.55
RJ Harvey,RB,71.1
Tony Pollard,RB,73.52
Chris Godwin,WR,74.27
Bo Nix,QB,74.52
Isiah Pacheco,RB,75.43
Travis Kelce,TE,75.62
Kaleb Johnson,RB,78.17
Rome Odunze,WR,78.21
Kyler Murray,QB,79.11
Evan Engram,TE,81.5
Jordan Addison,WR,81.82
Jakobi Meyers,WR,82.13
Khalil Shakir,WR,83.68
David Njoku,TE,84.55
Brian Robinson Jr.,RB,85.2
Stefon Diggs,WR,85.74
Jauan Jennings,WR,85.79
Mark Andrews,TE,89.09
Justin Fields,QB,89.84
Jaylen Warren,RB,92.9
Brock Purdy,QB,93.55
Travis Etienne Jr.,RB,94.05
Dak Prescott,QB,94.33
Justin Herbert,QB,96.65
Caleb Williams,QB,96.84
Josh Downs,WR,96.95
Tyrone Tracy Jr.,RB,98.67
Deebo Samuel Sr.,WR,99.67
Jayden Reed,WR,100.16
Jared Goff,QB,100.26
Michael Pittman Jr.,WR,101.12
Ricky Pearsall,WR,103.77
Javonte Williams,RB,104.23
Cooper Kupp,WR,105.34
Drake Maye,QB,106.52
Jake Ferguson,TE,106.99
Tucker Kraft,TE,107.93
Jordan Love,QB,108.16
Quinshon Judkins,RB,113.09
Trevor Lawrence,QB,113.6
Najee Harris,RB,113.95
Zach Charbonnet,RB,114.28
C.J. Stroud,QB,115.3
Rhamondre Stevenson,RB,116.13
Dalton Kincaid,TE,116.3
Darnell Mooney,WR,117.52
Cam Skattebo,RB,117.68
Tyjae Spears,RB,120.1
Jordan Mason,RB,120.57
Brandon Aiyuk,WR,120.59
Emeka Egbuka,WR,123.11
Rachaad White,RB,123.11
Dallas Goedert,TE,123.13
Tyler Warren,TE,124.13
J.J. McCarthy,QB,124.38
Matthew Golden,WR,127.89
Christian Kirk,WR,131.6
Tua Tagovailoa,QB,132.7
Matthew Stafford,QB,133.28
J.K. Dobbins,RB,133.68
Rashid Shaheed,WR,134.24
Keon Coleman,WR,134.3
Tank Bigsby,RB,134.67
Austin Ekeler,RB,138.66
Jonnu Smith,TE,139.66
Bryce Young,QB,141.38
Colston Loveland,TE,143.13
Hunter Henry,TE,143.61
Cedric Tillman,WR,145.17
Ray Davis,RB,146.63
Luther Burden III,WR,146.98
Michael Penix Jr.,QB,147.99
Rashod Bateman,WR,149.27
Denver Broncos,DST,151.97
Marquise Brown,WR,152.01
Trey Benson,RB,152.12
Jerome Ford,RB,154.77
Rico Dowdle,RB,155.73
Geno Smith,QB,155.84
Tre' Harris,WR,155.9
Marvin Mims Jr.,WR,156.24
Adam Thielen,WR,156.45
Isaac Guerendo,RB,156.79
Tyler Allgeier,RB,157.3
Romeo Doubs,WR,160.38
Braelon Allen,RB,161.9
Philadelphia Eagles,DST,162.69
Jayden Higgins,WR,162.84
Zach Ertz,TE,163.26
Wan'Dale Robinson,WR,163.26
Bhayshul Tuten,RB,163.26
Kyle Pitts Sr.,TE,163.55
Jaylen Wright,RB,164.88
Quentin Johnston,WR,165.2
Pittsburgh Steelers,DST,168.69
Jalen McMillan,WR,169.67
Baltimore Ravens,DST,170.92
Kyle Williams,WR,171.08
Sam Darnold,QB,173.32
Roschon Johnson,RB,173.91
Minnesota Vikings,DST,174.14
Jaydon Blue,RB,175.64
DeMario Douglas,WR,176.55
Brenton Strange,TE,178.54
Xavier Legette,WR,179.24
Dylan Sampson,RB,180.26
Nick Chubb,RB,180.4
Joshua Palmer,WR,184.28
Houston Texans,DST,184.82
DeAndre Hopkins,WR,185.35
Mike Gesicki,TE,186
Buffalo Bills,DST,186.51
Brandon Aubrey,K,186.7
Detroit Lions,DST,187.53
Kansas City Chiefs,DST,187.61
Cameron Ward,QB,188.65
Pat Freiermuth,TE,191.23
Jake Bates,K,192.58
Cameron Dicker,K,193.29
Blake Corum,RB,194.84
Los Angeles Chargers,DST,194.85
Jalen Coker,WR,195.72
Isaiah Likely,TE,195.91
Jack Bech,WR,196.15
MarShawn Lloyd,RB,198.7
Aaron Rodgers,QB,200.78
Michael Wilson,WR,201.32
Wil Lutz,K,202.03
Seattle Seahawks,DST,202.74
Los Angeles Rams,DST,202.77
Keenan Allen,WR,203.7
Alec Pierce,WR,203.92
Chris Boswell,K,204.16
New York Jets,DST,205.69
Green Bay Packers,DST,206.52
Chase McLaughlin,K,206.53
Ka'imi Fairbairn,K,206.59
Chig Okonkwo,TE,208.26
Cade Otton,TE,208.63
Nick Folk,K,210
Evan McPherson,K,212.67
Harrison Butker,K,213.6
Justice Hill,RB,214.95
Tyler Bass,K,216.79
Dontayvion Wicks,WR,217.85
Kareem Hunt,RB,218.57
Jake Elliott,K,218.68
Adonai Mitchell,WR,220.23
Andrei Iosivas,WR,220.63
Jaylin Noel,WR,222.26
Mason Taylor,TE,222.28
Jaleel McLaughlin,RB,222.52
San Francisco 49ers,DST,224.39
Darius Slayton,WR,224.56
Anthony Richardson Sr.,QB,228.52
Devaughn Vele,WR,230.3
Dalton Schultz,TE,231.16
Jason Sanders,K,231.31
Tyler Lockett,WR,231.81
Elic Ayomanor,WR,232.49
Justin Tucker,K,232.67
Younghoe Koo,K,233.65
Calvin Austin III,WR,233.73
Dallas Cowboys,DST,234.38
Diontae Johnson,WR,234.54
Amari Cooper,WR,235.02
DJ Giddens,RB,238.48
Pat Bryant,WR,238.49
Miles Sanders,RB,238.81
Kendre Miller,RB,239.02
Devin Neal,RB,239.62
Graham Gano,K,240.8
Elijah Arroyo,TE,241.54
Jalen Tolbert,WR,241.81
Tyler Loop,K,242.94
Brandin Cooks,WR,243.35
Darren Waller,TE,243.48
Will Shipley,RB,244
Cleveland Browns,DST,244.15
Matt Gay,K,244.2
Kyle Monangai,RB,247.04
Juwan Johnson,TE,247.66
Ja'Tavion Sanders,TE,248.53
Russell Wilson,QB,248.58
Elijah Moore,WR,249.03
Dyami Brown,WR,249.08
Cincinnati Bengals,DST,249.4
Brashard Smith,RB,249.73
Kayshon Boutte,WR,251.43
Cole Kmet,TE,251.68
Roman Wilson,WR,252.41
Raheem Mostert,RB,252.47
Eddy Pineiro,K,253.44
Audric Estime,RB,253.95
Tampa Bay Buccaneers,DST,254.16
Joshua Karty,K,254.64
New York Giants,DST,255
New Orleans Saints,DST,255
Elijah Mitchell,RB,255.06
Jalen Royals,WR,255.93
Nick Westbrook-Ikhine,WR,257.26
Isaiah Bond,WR,257.61
Indianapolis Colts,DST,257.83
New England Patriots,DST,257.97
Jarquez Hunter,RB,258.44
Antonio Gibson,RB,258.96
Malik Washington,WR,260.09
Daniel Jones,QB,260.24
Dont'e Thornton Jr.,WR,260.82
Hunter Renfrow,WR,261
Keaton Mitchell,RB,261.08
Brandon McManus,K,261.47
Woody Marks,RB,262.16
Matt Prater,K,262.63
Jake Moody,K,263.5
Atlanta Falcons,DST,263.5
Blake Grupe,K,264.14
Washington Commanders,DST,265.67
Tutu Atwell,WR,266.03
Theo Johnson,TE,266.07
Ollie Gordon II,RB,266.42
Cairo Santos,K,267.43
Devin Singletary,RB,268.04
Daniel Carlson,K,268.32
Kenneth Gainwell,RB,269.16
Las Vegas Raiders,DST,269.25
Arizona Cardinals,DST,269.58
Tahj Brooks,RB,269.61
Xavier Restrepo,WR,269.97
Trevor Etienne,RB,270.33
Will Reichard,K,272.2
Noah Gray,TE,274.29
Tim Patrick,WR,275.37
Ray-Ray McCloud III,WR,275.65
Chicago Bears,DST,276.28
Tre Tucker,WR,276.59
Harold Fannin Jr.,TE,276.82
Terrance Ferguson,TE,277.35
Jacksonville Jaguars,DST,278.33
Jacory Croskey-Merritt,RB,278.78
Miami Dolphins,DST,279.79
Tyler Shough,QB,280.93
Jalen Nailor,WR,280.99
Deshaun Watson,QB,281.25
Parker Washington,WR,282.35
Jordan James,RB,282.57
Jason Myers,K,282.61
Ty Johnson,RB,283
Josh Reynolds,WR,284.79
Gabe Davis,WR,284.86
Luke McCaffrey,WR,286.24
Tyler Higbee,TE,286.42
Chad Ryland,K,287
Sean Tucker,RB,287.18
Oronde Gadsden II,TE,288.73
Noah Fant,TE,288.77
Zack Moss,RB,288.79
Taysom Hill,TE,288.99
Joe Flacco,QB,290.05
Tyler Conklin,TE,290.2
Sincere McCormick,RB,290.61
Noah Brown,WR,291.38
Isaac TeSlaa,WR,291.39
Christian Watson,WR,292
Dameon Pierce,RB,292.09
Michael Gallup,WR,292.33
Khalil Herbert,RB,292.36
Kimani Vidal,RB,292.39
Isaiah Davis,RB,292.75
Tory Horton,WR,293.92
Tez Johnson,WR,295.52
Cam Little,K,297.05
Ben Sinnott,TE,297.19
Jaxson Dart,QB,297.38
Julian Fleming,WR,298
Jordan Whittington,WR,298.28
Alexander Mattison,RB,298.5
Tai Felton,WR,298.55
Jermaine Burton,WR,298.8
Marquez Valdes-Scantling,WR,300.85
Will Dissly,TE,301.02
Damien Martinez,RB,301.43
Samaje Perine,RB,302.35
Greg Dortch,WR,302.72
Bub Means,WR,304.5
A.J. Dillon,RB,305.76
Phil Mafah,RB,306.78
Jonathon Brooks,RB,307.88
Gardner Minshew II,QB,308.5
Savion Williams,WR,309.25
John Metchie III,WR,309.45
Allen Lazard,WR,309.77
Kyle Juszczyk,RB,309.8
KaVontae Turpin,WR,310.54
Hunter Luepke,RB,310.75
Ty Chandler,RB,311.06
Cam Akers,RB,311.09
Tank Dell,WR,311.41
Luke Lachey,TE,312.25
Emanuel Wilson,RB,312.56
Antwane Wells Jr.,WR,312.62
Troy Franklin,WR,313.3
Gus Edwards,RB,313.31
Tennessee Titans,DST,313.5
Raheim Sanders,RB,313.78
Javon Baker,WR,314.2
Shedeur Sanders,QB,314.42
Demarcus Robinson,WR,314.94
Chris Brooks,RB,315.76
DJ Chark Jr.,WR,317.5
Jaydn Ott,RB,319
Chris Rodriguez Jr.,RB,319.61
Mack Hollins,WR,320.69
Treylon Burks,WR,321.67
Ameer Abdullah,RB,322.23
Zamir White,RB,322.61
Jalen Milroe,QB,323.09
Chimere Dike,WR,323.21
Deuce Vaughn,RB,323.33
Robert Woods,WR,323.4
Will Howard,QB,323.8
Cordarrelle Patterson,RB,325
Donovan Edwards,RB,325.19
AJ Barner,TE,325.44
Aidan O'Connell,QB,326
C.J. Ham,RB,326
Tyler Johnson,WR,326.25
Theo Wease Jr.,WR,326.31
Michael Mayer,TE,327.48
Alec Ingold,RB,327.6
Kalif Raymond,WR,327.8
Austin Hooper,TE,328.08
Curtis Samuel,WR,328.67
LeQuint Allen Jr.,RB,328.84
K.J. Osborn,WR,331.5
Kirk Cousins,QB,331.63
Dawson Knox,TE,331.95
Jahan Dotson,WR,332.26
Dillon Gabriel,QB,332.47
Trey Sermon,RB,332.57
Arian Smith,WR,334
Ja'Quinden Jackson,RB,334.5
Emari Demercado,RB,335.13
Jaylin Lane,WR,335.3
Luke Musgrave,TE,335.34
Spencer Rattler,QB,335.94
D'Ernest Johnson,RB,336.43
Kenny Pickett,QB,337.04
Van Jefferson,WR,337.88
Jameis Winston,QB,338.93
Gunnar Helm,TE,340
Efton Chism III,WR,340
Ezekiel Elliott,RB,340
Tyrod Taylor,QB,341.13
Craig Reynolds,RB,342.09
Dare Ogunbowale,RB,343.67
Ja'Lynn Polk,WR,343.82
Chris Tyree,RB,344.83
Sam Howell,QB,346
Foster Moreau,TE,346.58
Kalel Mullings,RB,346.63
Olamide Zaccheaus,WR,347.14
Tyler Badie,RB,347.25
Malik Willis,QB,347.5
Michael Burton,RB,347.67
Josh Whyle,TE,348.6
Luke Schoonmaker,TE,349.58
Greg Dulcich,TE,350.57
Derius Davis,WR,350.8
Jake Bobo,WR,352
Zach Wilson,QB,352.2
David Bell,WR,352.33
Daniel Bellinger,TE,352.33
KeAndre Lambert-Smith,WR,352.36
DeeJay Dallas,RB,352.5
Rondale Moore,WR,352.67
Marcus Mariota,QB,353.2
Mecole Hardman Jr.,WR,353.5
Tommy Tremble,TE,353.59
Jacob Cowing,WR,354.05
Kendrick Bourne,WR,354.47
Colby Parkinson,TE,354.67
Clyde Edwards-Helaire,RB,354.71
Carson Steele,RB,354.75
Julius Chestnut,RB,354.8
Joe Milton III,QB,355
Jimmy Horn Jr.,WR,355
Mitchell Evans,TE,355.5
Jimmy Garoppolo,QB,355.5
Jalin Hyatt,WR,355.94
Jordan Watkins,WR,356.4
Marcus Yarns,RB,356.4
Pierre Strong Jr.,RB,356.86
Mason Rudolph,QB,358.33
Nick Nash,WR,359
Jeremy McNichols,RB,360
Malachi Corley,WR,360.36
Jonathan Mingo,WR,360.42
Darnell Washington,TE,360.57
David Moore,WR,361
Cade Stover,TE,361.35
Kylen Granson,TE,362
Cedrick Wilson Jr.,WR,362
Rasheen Ali,RB,362.5
Dylan Laube,RB,362.5
Josh Oliver,TE,362.81
JuJu Smith-Schuster,WR,363.29
KhaDarel Hodge,WR,363.63
Zay Jones,WR,364
Grant Calcaterra,TE,364.33
Michael Carter,RB,366
Devontez Walker,WR,366.75
John Bates,TE,367.33
Cooper Rush,QB,368.5
Jeremy Ruckert,TE,368.67
Julian Hill,TE,368.8
Brevin Jordan,TE,368.8
Tyler Goodson,RB,369.17
Stone Smartt,TE,370.67
Hassan Haskins,RB,372.5
Kyle Trask,QB,372.5
Jake Browning,QB,372.67
Elijah Higgins,TE,373.58
Taylor Heinicke,QB,373.67
Patrick Taylor Jr.,RB,374.5
Ronnie Rivers,RB,375.5
Johnny Mundt,TE,376
Tanner Hudson,TE,376.4
Harrison Bryant,TE,377.8
Sione Vaki,RB,379
Mac Jones,QB,379.2
Luke Farrell,TE,380
Drew Sample,TE,380.33
Eric Gray,RB,383
Adam Trautman,TE,391
